_time,_value,_field,_measurement
2023-06-19 09:00:00+00:00,49.0,value,rack1_water
2023-06-19 09:30:00+00:00,171.0,value,rack1_water
2023-06-19 10:00:00+00:00,655.0,value,rack1_water
2023-06-19 10:30:00+00:00,693.0,value,rack1_water
2023-06-19 11:00:00+00:00,624.0,value,rack1_water
2023-06-19 11:30:00+00:00,718.0,value,rack1_water
2023-06-19 12:00:00+00:00,744.0,value,rack1_water
2023-06-19 12:30:00+00:00,650.0,value,rack1_water
2023-06-19 13:00:00+00:00,837.0,value,rack1_water
2023-06-19 13:30:00+00:00,772.0,value,rack1_water
2023-06-19 14:00:00+00:00,584.0,value,rack1_water
2023-06-19 14:30:00+00:00,784.0,value,rack1_water
2023-06-19 15:00:00+00:00,746.0,value,rack1_water
2023-06-19 15:30:00+00:00,450.0,value,rack1_water
2023-06-19 16:00:00+00:00,765.0,value,rack1_water
2023-06-19 16:30:00+00:00,808.0,value,rack1_water
2023-06-19 17:00:00+00:00,721.0,value,rack1_water
2023-06-19 17:30:00+00:00,781.0,value,rack1_water
2023-06-19 18:00:00+00:00,730.0,value,rack1_water
2023-06-19 18:30:00+00:00,935.0,value,rack1_water
2023-06-19 19:00:00+00:00,855.0,value,rack1_water
2023-06-19 19:30:00+00:00,752.0,value,rack1_water
2023-06-19 20:00:00+00:00,882.0,value,rack1_water
2023-06-19 20:30:00+00:00,1113.0,value,rack1_water
2023-06-19 21:00:00+00:00,999.0,value,rack1_water
2023-06-19 21:30:00+00:00,1588.0,value,rack1_water
2023-06-19 22:00:00+00:00,906.0,value,rack1_water
2023-06-19 22:30:00+00:00,887.0,value,rack1_water
2023-06-19 23:00:00+00:00,903.0,value,rack1_water
2023-06-19 23:30:00+00:00,585.0,value,rack1_water
2023-06-20 00:00:00+00:00,661.0,value,rack1_water
2023-06-20 00:30:00+00:00,707.0,value,rack1_water
2023-06-20 01:00:00+00:00,678.0,value,rack1_water
2023-06-20 01:30:00+00:00,775.0,value,rack1_water
2023-06-20 02:00:00+00:00,847.0,value,rack1_water
2023-06-20 02:30:00+00:00,628.0,value,rack1_water
2023-06-20 03:00:00+00:00,704.0,value,rack1_water
2023-06-20 03:30:00+00:00,593.0,value,rack1_water
2023-06-20 04:00:00+00:00,653.0,value,rack1_water
2023-06-20 04:30:00+00:00,975.0,value,rack1_water
2023-06-20 05:00:00+00:00,620.0,value,rack1_water
2023-06-20 05:30:00+00:00,453.0,value,rack1_water
2023-06-20 06:00:00+00:00,752.0,value,rack1_water
2023-06-20 06:30:00+00:00,799.0,value,rack1_water
2023-06-20 07:00:00+00:00,627.0,value,rack1_water
2023-06-20 07:30:00+00:00,624.0,value,rack1_water
2023-06-20 08:00:00+00:00,854.0,value,rack1_water
2023-06-20 08:30:00+00:00,678.0,value,rack1_water
2023-06-20 09:00:00+00:00,848.0,value,rack1_water
2023-06-20 09:30:00+00:00,651.0,value,rack1_water
2023-06-20 10:00:00+00:00,847.0,value,rack1_water
2023-06-20 10:30:00+00:00,811.0,value,rack1_water
2023-06-20 11:00:00+00:00,688.0,value,rack1_water
2023-06-20 11:30:00+00:00,576.0,value,rack1_water
2023-06-20 12:00:00+00:00,701.0,value,rack1_water
2023-06-20 12:30:00+00:00,624.0,value,rack1_water
2023-06-20 13:00:00+00:00,501.0,value,rack1_water
2023-06-20 13:30:00+00:00,883.0,value,rack1_water
2023-06-20 14:00:00+00:00,683.0,value,rack1_water
2023-06-20 14:30:00+00:00,572.0,value,rack1_water
2023-06-20 15:00:00+00:00,550.0,value,rack1_water
2023-06-20 15:30:00+00:00,566.0,value,rack1_water
2023-06-20 16:00:00+00:00,665.0,value,rack1_water
2023-06-20 16:30:00+00:00,717.0,value,rack1_water
2023-06-20 17:00:00+00:00,767.0,value,rack1_water
2023-06-20 17:30:00+00:00,716.0,value,rack1_water
2023-06-20 18:00:00+00:00,733.0,value,rack1_water
2023-06-20 18:30:00+00:00,882.0,value,rack1_water
2023-06-20 19:00:00+00:00,616.0,value,rack1_water
2023-06-20 19:30:00+00:00,850.0,value,rack1_water
2023-06-20 20:00:00+00:00,812.0,value,rack1_water
2023-06-20 20:30:00+00:00,491.0,value,rack1_water
2023-06-20 21:00:00+00:00,811.0,value,rack1_water
2023-06-20 21:30:00+00:00,576.0,value,rack1_water
2023-06-20 22:00:00+00:00,823.0,value,rack1_water
2023-06-20 22:30:00+00:00,745.0,value,rack1_water
2023-06-20 23:00:00+00:00,865.0,value,rack1_water
2023-06-20 23:30:00+00:00,923.0,value,rack1_water
2023-06-21 00:00:00+00:00,821.0,value,rack1_water
2023-06-21 00:30:00+00:00,688.0,value,rack1_water
2023-06-21 01:00:00+00:00,846.0,value,rack1_water
2023-06-21 01:30:00+00:00,585.0,value,rack1_water
2023-06-21 02:00:00+00:00,598.0,value,rack1_water
2023-06-21 02:30:00+00:00,816.0,value,rack1_water
2023-06-21 03:00:00+00:00,769.0,value,rack1_water
2023-06-21 03:30:00+00:00,351.0,value,rack1_water
2023-06-21 04:00:00+00:00,798.0,value,rack1_water
2023-06-21 04:30:00+00:00,752.0,value,rack1_water
2023-06-21 05:00:00+00:00,687.0,value,rack1_water
2023-06-21 05:30:00+00:00,831.0,value,rack1_water
2023-06-21 06:00:00+00:00,782.0,value,rack1_water
2023-06-21 06:30:00+00:00,847.0,value,rack1_water
2023-06-21 07:00:00+00:00,823.0,value,rack1_water
2023-06-21 07:30:00+00:00,757.0,value,rack1_water
2023-06-21 08:00:00+00:00,784.0,value,rack1_water
2023-06-21 08:30:00+00:00,906.0,value,rack1_water
2023-06-21 09:00:00+00:00,770.0,value,rack1_water
2023-06-21 09:30:00+00:00,962.0,value,rack1_water
2023-06-21 10:00:00+00:00,802.0,value,rack1_water
2023-06-21 10:30:00+00:00,1369.0,value,rack1_water
2023-06-21 11:00:00+00:00,1281.0,value,rack1_water
2023-06-21 11:30:00+00:00,1030.0,value,rack1_water
2023-06-21 12:00:00+00:00,1045.0,value,rack1_water
2023-06-21 12:30:00+00:00,1046.0,value,rack1_water
2023-06-21 13:00:00+00:00,855.0,value,rack1_water
2023-06-21 13:30:00+00:00,1117.0,value,rack1_water
2023-06-21 14:00:00+00:00,1233.0,value,rack1_water
2023-06-21 14:30:00+00:00,1184.0,value,rack1_water
2023-06-21 15:00:00+00:00,1251.0,value,rack1_water
2023-06-21 15:30:00+00:00,1109.0,value,rack1_water
2023-06-21 16:00:00+00:00,1166.0,value,rack1_water
2023-06-21 16:30:00+00:00,1189.0,value,rack1_water
2023-06-21 17:00:00+00:00,1175.0,value,rack1_water
2023-06-21 17:30:00+00:00,976.0,value,rack1_water
2023-06-21 18:00:00+00:00,1145.0,value,rack1_water
2023-06-21 18:30:00+00:00,1231.0,value,rack1_water
2023-06-21 19:00:00+00:00,2477.0,value,rack1_water
2023-06-21 19:30:00+00:00,2602.0,value,rack1_water
2023-06-21 20:00:00+00:00,1152.0,value,rack1_water
2023-06-21 20:30:00+00:00,1171.0,value,rack1_water
2023-06-21 21:00:00+00:00,907.0,value,rack1_water
2023-06-21 21:30:00+00:00,783.0,value,rack1_water
2023-06-21 22:00:00+00:00,1206.0,value,rack1_water
2023-06-21 22:30:00+00:00,1098.0,value,rack1_water
2023-06-21 23:00:00+00:00,898.0,value,rack1_water
2023-06-21 23:30:00+00:00,1150.0,value,rack1_water
2023-06-22 00:00:00+00:00,2109.0,value,rack1_water
2023-06-22 00:30:00+00:00,1070.0,value,rack1_water
2023-06-22 01:00:00+00:00,1105.0,value,rack1_water
2023-06-22 01:30:00+00:00,886.0,value,rack1_water
2023-06-22 02:00:00+00:00,1486.0,value,rack1_water
2023-06-22 02:30:00+00:00,930.0,value,rack1_water
2023-06-22 03:00:00+00:00,550.0,value,rack1_water
2023-06-22 03:30:00+00:00,771.0,value,rack1_water
2023-06-22 04:00:00+00:00,1049.0,value,rack1_water
2023-06-22 04:30:00+00:00,1146.0,value,rack1_water
2023-06-22 05:00:00+00:00,1142.0,value,rack1_water
2023-06-22 05:30:00+00:00,1028.0,value,rack1_water
2023-06-22 06:00:00+00:00,1265.0,value,rack1_water
2023-06-22 06:30:00+00:00,1077.0,value,rack1_water
2023-06-22 07:00:00+00:00,1227.0,value,rack1_water
2023-06-22 07:30:00+00:00,1200.0,value,rack1_water
2023-06-22 08:00:00+00:00,1158.0,value,rack1_water
2023-06-22 08:30:00+00:00,1424.0,value,rack1_water
2023-06-22 09:00:00+00:00,1082.0,value,rack1_water
2023-06-22 09:30:00+00:00,608.0,value,rack1_water
2023-06-22 10:00:00+00:00,1141.0,value,rack1_water
2023-06-22 10:30:00+00:00,1920.0,value,rack1_water
2023-06-22 11:00:00+00:00,1008.0,value,rack1_water
2023-06-22 11:30:00+00:00,1668.0,value,rack1_water
2023-06-22 12:00:00+00:00,1221.0,value,rack1_water
2023-06-22 12:30:00+00:00,1279.0,value,rack1_water
2023-06-22 13:00:00+00:00,1295.0,value,rack1_water
2023-06-22 13:30:00+00:00,2003.0,value,rack1_water
2023-06-22 14:00:00+00:00,1999.0,value,rack1_water
2023-06-22 14:30:00+00:00,1188.0,value,rack1_water
2023-06-22 15:00:00+00:00,2096.0,value,rack1_water
2023-06-22 15:30:00+00:00,1304.0,value,rack1_water
2023-06-22 16:00:00+00:00,1303.0,value,rack1_water
2023-06-22 17:00:00+00:00,1643.0,value,rack1_water
2023-06-22 17:30:00+00:00,1296.0,value,rack1_water
2023-06-22 18:00:00+00:00,1267.0,value,rack1_water
2023-06-22 18:30:00+00:00,2914.0,value,rack1_water
2023-06-22 19:30:00+00:00,1120.0,value,rack1_water
2023-06-22 20:00:00+00:00,1192.0,value,rack1_water
2023-06-22 21:00:00+00:00,1220.0,value,rack1_water
2023-06-22 21:30:00+00:00,998.0,value,rack1_water
2023-06-22 22:00:00+00:00,1074.0,value,rack1_water
2023-06-22 22:30:00+00:00,1088.0,value,rack1_water
2023-06-22 23:00:00+00:00,1225.0,value,rack1_water
2023-06-22 23:30:00+00:00,1244.0,value,rack1_water
2023-06-23 00:00:00+00:00,1271.0,value,rack1_water
2023-06-23 00:30:00+00:00,1152.0,value,rack1_water
2023-06-23 01:00:00+00:00,1389.0,value,rack1_water
2023-06-23 01:30:00+00:00,1253.0,value,rack1_water
2023-06-23 02:00:00+00:00,941.0,value,rack1_water
2023-06-23 02:30:00+00:00,1214.0,value,rack1_water
2023-06-23 03:00:00+00:00,1201.0,value,rack1_water
2023-06-23 03:30:00+00:00,2047.0,value,rack1_water
2023-06-23 04:00:00+00:00,1168.0,value,rack1_water
2023-06-23 04:30:00+00:00,1552.0,value,rack1_water
2023-06-23 05:00:00+00:00,1091.0,value,rack1_water
2023-06-23 05:30:00+00:00,1077.0,value,rack1_water
2023-06-23 06:00:00+00:00,1161.0,value,rack1_water
2023-06-23 06:30:00+00:00,1313.0,value,rack1_water
2023-06-23 07:00:00+00:00,931.0,value,rack1_water
2023-06-23 07:30:00+00:00,1162.0,value,rack1_water
2023-06-23 08:00:00+00:00,1117.0,value,rack1_water
2023-06-23 08:30:00+00:00,907.0,value,rack1_water
2023-06-23 09:00:00+00:00,1218.0,value,rack1_water
2023-06-23 09:30:00+00:00,1088.0,value,rack1_water
2023-06-23 10:00:00+00:00,817.0,value,rack1_water
2023-06-23 10:30:00+00:00,1958.0,value,rack1_water
2023-06-23 11:00:00+00:00,1227.0,value,rack1_water
2023-06-23 11:30:00+00:00,1137.0,value,rack1_water
2023-06-23 12:00:00+00:00,1110.0,value,rack1_water
2023-06-23 12:30:00+00:00,1264.0,value,rack1_water
2023-06-23 13:00:00+00:00,2721.0,value,rack1_water
2023-06-23 13:30:00+00:00,1266.0,value,rack1_water
2023-06-23 14:30:00+00:00,336.0,value,rack1_water
2023-06-23 15:00:00+00:00,1310.0,value,rack1_water
2023-06-23 15:30:00+00:00,1213.0,value,rack1_water
2023-06-23 16:00:00+00:00,2875.0,value,rack1_water
2023-06-23 17:00:00+00:00,1774.0,value,rack1_water
2023-06-23 17:30:00+00:00,1277.0,value,rack1_water
2023-06-23 18:30:00+00:00,1113.0,value,rack1_water
2023-06-23 19:30:00+00:00,962.0,value,rack1_water
2023-06-23 20:00:00+00:00,1262.0,value,rack1_water
2023-06-23 20:30:00+00:00,1197.0,value,rack1_water
2023-06-23 21:00:00+00:00,1281.0,value,rack1_water
2023-06-23 21:30:00+00:00,2682.0,value,rack1_water
2023-06-23 22:00:00+00:00,1257.0,value,rack1_water
2023-06-23 22:30:00+00:00,1178.0,value,rack1_water
2023-06-23 23:00:00+00:00,1263.0,value,rack1_water
2023-06-23 23:30:00+00:00,2374.0,value,rack1_water
2023-06-24 00:00:00+00:00,937.0,value,rack1_water
2023-06-24 00:30:00+00:00,1195.0,value,rack1_water
2023-06-24 01:00:00+00:00,1084.0,value,rack1_water
2023-06-24 01:30:00+00:00,1168.0,value,rack1_water
2023-06-24 02:00:00+00:00,1257.0,value,rack1_water
2023-06-24 02:30:00+00:00,1205.0,value,rack1_water
2023-06-24 03:00:00+00:00,868.0,value,rack1_water
2023-06-24 03:30:00+00:00,933.0,value,rack1_water
2023-06-24 04:00:00+00:00,335.0,value,rack1_water
2023-06-24 04:30:00+00:00,1107.0,value,rack1_water
2023-06-24 05:00:00+00:00,1102.0,value,rack1_water
2023-06-24 05:30:00+00:00,1147.0,value,rack1_water
2023-06-24 06:00:00+00:00,1155.0,value,rack1_water
2023-06-24 06:30:00+00:00,1031.0,value,rack1_water
2023-06-24 07:00:00+00:00,1114.0,value,rack1_water
2023-06-24 07:30:00+00:00,1035.0,value,rack1_water
2023-06-24 08:00:00+00:00,1037.0,value,rack1_water
2023-06-24 08:30:00+00:00,1161.0,value,rack1_water
2023-06-24 09:00:00+00:00,853.0,value,rack1_water
2023-06-24 09:30:00+00:00,943.0,value,rack1_water
2023-06-24 10:00:00+00:00,812.0,value,rack1_water
2023-06-24 10:30:00+00:00,1125.0,value,rack1_water
2023-06-24 11:00:00+00:00,1029.0,value,rack1_water
2023-06-24 11:30:00+00:00,1077.0,value,rack1_water
2023-06-24 12:00:00+00:00,1104.0,value,rack1_water
2023-06-24 12:30:00+00:00,2671.0,value,rack1_water
2023-06-24 13:00:00+00:00,1117.0,value,rack1_water
2023-06-24 13:30:00+00:00,1175.0,value,rack1_water
2023-06-24 14:00:00+00:00,754.0,value,rack1_water
2023-06-24 14:30:00+00:00,720.0,value,rack1_water
2023-06-24 15:00:00+00:00,1082.0,value,rack1_water
2023-06-24 15:30:00+00:00,1010.0,value,rack1_water
2023-06-24 16:00:00+00:00,1059.0,value,rack1_water
2023-06-24 16:30:00+00:00,1172.0,value,rack1_water
2023-06-24 17:00:00+00:00,1253.0,value,rack1_water
2023-06-24 17:30:00+00:00,1185.0,value,rack1_water
2023-06-24 18:00:00+00:00,1253.0,value,rack1_water
2023-06-24 18:30:00+00:00,1171.0,value,rack1_water
2023-06-24 19:00:00+00:00,799.0,value,rack1_water
2023-06-24 19:30:00+00:00,1051.0,value,rack1_water
2023-06-24 20:00:00+00:00,1194.0,value,rack1_water
2023-06-24 20:30:00+00:00,1195.0,value,rack1_water
2023-06-24 21:00:00+00:00,1167.0,value,rack1_water
2023-06-24 21:30:00+00:00,1170.0,value,rack1_water
2023-06-24 22:00:00+00:00,1088.0,value,rack1_water
2023-06-24 22:30:00+00:00,1126.0,value,rack1_water
2023-06-24 23:00:00+00:00,924.0,value,rack1_water
2023-06-24 23:30:00+00:00,962.0,value,rack1_water
2023-06-25 00:00:00+00:00,1127.0,value,rack1_water
2023-06-25 00:30:00+00:00,1035.0,value,rack1_water
2023-06-25 01:00:00+00:00,1513.0,value,rack1_water
2023-06-25 01:30:00+00:00,1217.0,value,rack1_water
2023-06-25 02:00:00+00:00,710.0,value,rack1_water
2023-06-25 02:30:00+00:00,971.0,value,rack1_water
2023-06-25 03:00:00+00:00,1086.0,value,rack1_water
2023-06-25 03:30:00+00:00,1125.0,value,rack1_water
2023-06-25 04:00:00+00:00,1051.0,value,rack1_water
2023-06-25 04:30:00+00:00,1057.0,value,rack1_water
2023-06-25 05:00:00+00:00,1137.0,value,rack1_water
2023-06-25 05:30:00+00:00,1061.0,value,rack1_water
2023-06-25 06:00:00+00:00,1107.0,value,rack1_water
2023-06-25 06:30:00+00:00,698.0,value,rack1_water
2023-06-25 07:00:00+00:00,909.0,value,rack1_water
2023-06-25 07:30:00+00:00,1081.0,value,rack1_water
2023-06-25 08:00:00+00:00,865.0,value,rack1_water
2023-06-25 08:30:00+00:00,869.0,value,rack1_water
2023-06-25 09:00:00+00:00,995.0,value,rack1_water
2023-06-25 09:30:00+00:00,1005.0,value,rack1_water
2023-06-25 10:00:00+00:00,1095.0,value,rack1_water
2023-06-25 10:30:00+00:00,1019.0,value,rack1_water
2023-06-25 11:00:00+00:00,867.0,value,rack1_water
2023-06-25 11:30:00+00:00,1126.0,value,rack1_water
2023-06-25 12:00:00+00:00,1101.0,value,rack1_water
2023-06-25 12:30:00+00:00,688.0,value,rack1_water
2023-06-25 13:00:00+00:00,1166.5,value,rack1_water
2023-06-25 13:30:00+00:00,373.0,value,rack1_water
2023-06-25 14:00:00+00:00,917.0,value,rack1_water
2023-06-25 14:30:00+00:00,960.0,value,rack1_water
2023-06-25 15:00:00+00:00,913.0,value,rack1_water
2023-06-25 15:30:00+00:00,1169.0,value,rack1_water
2023-06-25 16:00:00+00:00,1155.0,value,rack1_water
2023-06-25 16:30:00+00:00,656.0,value,rack1_water
2023-06-25 17:00:00+00:00,1244.0,value,rack1_water
2023-06-25 17:30:00+00:00,1236.0,value,rack1_water
2023-06-25 18:00:00+00:00,1213.0,value,rack1_water
2023-06-25 18:30:00+00:00,1216.0,value,rack1_water
2023-06-25 19:00:00+00:00,1217.0,value,rack1_water
2023-06-25 19:30:00+00:00,1195.0,value,rack1_water
2023-06-25 20:00:00+00:00,1210.0,value,rack1_water
2023-06-25 20:30:00+00:00,1306.0,value,rack1_water
2023-06-25 21:00:00+00:00,1226.0,value,rack1_water
2023-06-25 21:30:00+00:00,1110.0,value,rack1_water
2023-06-25 22:00:00+00:00,1276.0,value,rack1_water
2023-06-25 22:30:00+00:00,1370.0,value,rack1_water
2023-06-25 23:00:00+00:00,1108.0,value,rack1_water
2023-06-25 23:30:00+00:00,1087.0,value,rack1_water
2023-06-26 00:00:00+00:00,939.0,value,rack1_water
2023-06-26 00:30:00+00:00,1040.0,value,rack1_water
2023-06-26 01:00:00+00:00,780.0,value,rack1_water
2023-06-26 01:30:00+00:00,909.0,value,rack1_water
2023-06-26 02:00:00+00:00,1086.0,value,rack1_water
2023-06-26 02:30:00+00:00,861.0,value,rack1_water
2023-06-26 03:00:00+00:00,1094.0,value,rack1_water
2023-06-26 03:30:00+00:00,1043.0,value,rack1_water
2023-06-26 04:00:00+00:00,636.0,value,rack1_water
2023-06-26 04:30:00+00:00,850.0,value,rack1_water
2023-06-26 05:00:00+00:00,931.0,value,rack1_water
2023-06-26 05:30:00+00:00,1049.0,value,rack1_water
2023-06-26 06:00:00+00:00,963.0,value,rack1_water
2023-06-26 06:30:00+00:00,949.0,value,rack1_water
2023-06-26 07:00:00+00:00,974.0,value,rack1_water
2023-06-26 07:30:00+00:00,821.0,value,rack1_water
2023-06-26 08:00:00+00:00,963.0,value,rack1_water
2023-06-26 08:30:00+00:00,1034.0,value,rack1_water
2023-06-26 09:00:00+00:00,185.0,value,rack1_water
2023-06-26 09:30:00+00:00,1023.0,value,rack1_water
2023-06-26 10:00:00+00:00,925.0,value,rack1_water
2023-06-26 10:30:00+00:00,947.0,value,rack1_water
2023-06-26 11:00:00+00:00,973.0,value,rack1_water
2023-06-26 11:30:00+00:00,970.0,value,rack1_water
2023-06-26 12:00:00+00:00,951.0,value,rack1_water
2023-06-26 12:30:00+00:00,922.0,value,rack1_water
2023-06-26 13:00:00+00:00,1039.0,value,rack1_water
2023-06-26 13:30:00+00:00,1094.0,value,rack1_water
2023-06-26 14:00:00+00:00,1165.0,value,rack1_water
2023-06-26 14:30:00+00:00,1191.0,value,rack1_water
2023-06-26 15:00:00+00:00,1053.0,value,rack1_water
2023-06-26 15:30:00+00:00,1279.0,value,rack1_water
2023-06-26 16:00:00+00:00,1174.0,value,rack1_water
2023-06-26 16:30:00+00:00,1078.0,value,rack1_water
2023-06-26 17:00:00+00:00,736.0,value,rack1_water
2023-06-26 17:30:00+00:00,1264.0,value,rack1_water
2023-06-26 18:00:00+00:00,1069.0,value,rack1_water
2023-06-26 18:30:00+00:00,1172.0,value,rack1_water
2023-06-26 19:00:00+00:00,1129.0,value,rack1_water
2023-06-26 19:30:00+00:00,247.0,value,rack1_water
2023-06-26 20:00:00+00:00,807.0,value,rack1_water
2023-06-26 20:30:00+00:00,752.0,value,rack1_water
2023-06-26 21:00:00+00:00,729.0,value,rack1_water
2023-06-26 21:30:00+00:00,746.0,value,rack1_water
2023-06-26 22:00:00+00:00,743.0,value,rack1_water
2023-06-26 22:30:00+00:00,681.0,value,rack1_water
2023-06-26 23:00:00+00:00,687.0,value,rack1_water
2023-06-26 23:30:00+00:00,720.0,value,rack1_water
2023-06-27 00:00:00+00:00,715.0,value,rack1_water
2023-06-27 00:30:00+00:00,720.0,value,rack1_water
2023-06-27 01:00:00+00:00,693.0,value,rack1_water
2023-06-27 01:30:00+00:00,653.0,value,rack1_water
2023-06-27 02:00:00+00:00,575.0,value,rack1_water
2023-06-27 02:30:00+00:00,629.0,value,rack1_water
2023-06-27 03:00:00+00:00,511.0,value,rack1_water
2023-06-27 03:30:00+00:00,697.0,value,rack1_water
2023-06-27 04:00:00+00:00,660.0,value,rack1_water
2023-06-27 04:30:00+00:00,726.0,value,rack1_water
2023-06-27 05:00:00+00:00,567.0,value,rack1_water
2023-06-27 05:30:00+00:00,802.0,value,rack1_water
2023-06-27 06:00:00+00:00,477.0,value,rack1_water
2023-06-27 06:30:00+00:00,615.0,value,rack1_water
2023-06-27 07:00:00+00:00,656.0,value,rack1_water
2023-06-27 07:30:00+00:00,753.0,value,rack1_water
2023-06-27 08:00:00+00:00,752.0,value,rack1_water
2023-06-27 08:30:00+00:00,811.0,value,rack1_water
2023-06-27 09:00:00+00:00,718.0,value,rack1_water
2023-06-27 09:30:00+00:00,762.0,value,rack1_water
2023-06-27 10:00:00+00:00,849.0,value,rack1_water
2023-06-27 10:30:00+00:00,863.0,value,rack1_water
2023-06-27 11:00:00+00:00,813.0,value,rack1_water
2023-06-27 11:30:00+00:00,865.0,value,rack1_water
2023-06-27 12:00:00+00:00,482.0,value,rack1_water
2023-06-27 12:30:00+00:00,768.0,value,rack1_water
2023-06-27 13:00:00+00:00,814.0,value,rack1_water
2023-06-27 13:30:00+00:00,818.0,value,rack1_water
2023-06-27 14:00:00+00:00,827.0,value,rack1_water
2023-06-27 15:00:00+00:00,688.0,value,rack1_water
2023-06-27 15:30:00+00:00,885.0,value,rack1_water
2023-06-27 16:00:00+00:00,839.0,value,rack1_water
2023-06-27 16:30:00+00:00,700.0,value,rack1_water
2023-06-27 17:00:00+00:00,861.0,value,rack1_water
2023-06-27 17:30:00+00:00,877.0,value,rack1_water
2023-06-27 18:00:00+00:00,720.0,value,rack1_water
2023-06-27 18:30:00+00:00,688.0,value,rack1_water
2023-06-27 19:00:00+00:00,1475.0,value,rack1_water
2023-06-27 19:30:00+00:00,1009.0,value,rack1_water
2023-06-27 20:00:00+00:00,1093.0,value,rack1_water
2023-06-27 20:30:00+00:00,897.0,value,rack1_water
2023-06-27 21:00:00+00:00,976.0,value,rack1_water
2023-06-27 21:30:00+00:00,898.0,value,rack1_water
2023-06-27 22:00:00+00:00,862.0,value,rack1_water
2023-06-27 22:30:00+00:00,907.0,value,rack1_water
2023-06-27 23:00:00+00:00,807.0,value,rack1_water
2023-06-27 23:30:00+00:00,903.0,value,rack1_water
2023-06-28 00:00:00+00:00,720.0,value,rack1_water
2023-06-28 00:30:00+00:00,971.0,value,rack1_water
2023-06-28 01:00:00+00:00,886.0,value,rack1_water
2023-06-28 01:30:00+00:00,849.0,value,rack1_water
2023-06-28 02:00:00+00:00,669.0,value,rack1_water
2023-06-28 02:30:00+00:00,867.0,value,rack1_water
2023-06-28 03:00:00+00:00,906.0,value,rack1_water
2023-06-28 03:30:00+00:00,821.0,value,rack1_water
2023-06-28 04:00:00+00:00,928.0,value,rack1_water
2023-06-28 04:30:00+00:00,653.0,value,rack1_water
2023-06-28 05:00:00+00:00,882.0,value,rack1_water
2023-06-28 05:30:00+00:00,681.0,value,rack1_water
2023-06-28 06:00:00+00:00,990.0,value,rack1_water
2023-06-28 06:30:00+00:00,976.0,value,rack1_water
2023-06-28 07:00:00+00:00,983.0,value,rack1_water
2023-06-28 07:30:00+00:00,967.0,value,rack1_water
2023-06-28 08:00:00+00:00,896.0,value,rack1_water
2023-06-28 08:30:00+00:00,960.0,value,rack1_water
2023-06-28 09:00:00+00:00,928.0,value,rack1_water
2023-06-28 09:30:00+00:00,607.0,value,rack1_water
2023-06-28 10:00:00+00:00,461.0,value,rack1_water
2023-06-28 10:30:00+00:00,920.0,value,rack1_water
2023-06-28 11:00:00+00:00,849.0,value,rack1_water
2023-06-28 11:30:00+00:00,944.0,value,rack1_water
2023-06-28 12:00:00+00:00,922.0,value,rack1_water
2023-06-28 12:30:00+00:00,903.0,value,rack1_water
2023-06-28 13:00:00+00:00,1037.0,value,rack1_water
2023-06-28 13:30:00+00:00,928.0,value,rack1_water
2023-06-28 14:00:00+00:00,1039.0,value,rack1_water
2023-06-28 14:30:00+00:00,1070.0,value,rack1_water
2023-06-28 15:00:00+00:00,1207.0,value,rack1_water
2023-06-28 15:30:00+00:00,1010.0,value,rack1_water
2023-06-28 16:00:00+00:00,778.0,value,rack1_water
2023-06-28 16:30:00+00:00,964.0,value,rack1_water
2023-06-28 17:00:00+00:00,751.0,value,rack1_water
2023-06-28 17:30:00+00:00,709.0,value,rack1_water
2023-06-28 18:00:00+00:00,848.0,value,rack1_water
2023-06-28 18:30:00+00:00,737.0,value,rack1_water
2023-06-28 19:00:00+00:00,896.0,value,rack1_water
2023-06-28 19:30:00+00:00,759.0,value,rack1_water
2023-06-28 20:00:00+00:00,682.0,value,rack1_water
2023-06-28 20:30:00+00:00,1315.0,value,rack1_water
2023-06-28 21:00:00+00:00,982.0,value,rack1_water
2023-06-28 21:30:00+00:00,817.0,value,rack1_water
2023-06-28 22:00:00+00:00,926.0,value,rack1_water
2023-06-28 22:30:00+00:00,731.0,value,rack1_water
2023-06-28 23:00:00+00:00,658.0,value,rack1_water
2023-06-28 23:30:00+00:00,975.0,value,rack1_water
2023-06-29 00:00:00+00:00,1041.0,value,rack1_water
2023-06-29 00:30:00+00:00,969.0,value,rack1_water
2023-06-29 01:00:00+00:00,912.0,value,rack1_water
2023-06-29 01:30:00+00:00,853.0,value,rack1_water
2023-06-29 02:00:00+00:00,971.0,value,rack1_water
2023-06-29 02:30:00+00:00,1635.0,value,rack1_water
2023-06-29 03:00:00+00:00,935.0,value,rack1_water
2023-06-29 03:30:00+00:00,928.0,value,rack1_water
2023-06-29 04:00:00+00:00,758.0,value,rack1_water
2023-06-29 04:30:00+00:00,861.0,value,rack1_water
2023-06-29 05:00:00+00:00,707.0,value,rack1_water
2023-06-29 05:30:00+00:00,895.0,value,rack1_water
2023-06-29 06:00:00+00:00,828.0,value,rack1_water
2023-06-29 06:30:00+00:00,724.0,value,rack1_water
2023-06-29 07:00:00+00:00,828.0,value,rack1_water
2023-06-29 07:30:00+00:00,915.0,value,rack1_water
2023-06-29 08:00:00+00:00,985.0,value,rack1_water
2023-06-29 08:30:00+00:00,861.0,value,rack1_water
2023-06-29 09:00:00+00:00,1057.0,value,rack1_water
2023-06-29 09:30:00+00:00,819.0,value,rack1_water
2023-06-29 10:00:00+00:00,811.0,value,rack1_water
2023-06-29 10:30:00+00:00,985.0,value,rack1_water
2023-06-29 11:00:00+00:00,1031.0,value,rack1_water
2023-06-29 11:30:00+00:00,951.0,value,rack1_water
2023-06-29 12:00:00+00:00,799.0,value,rack1_water
2023-06-29 12:30:00+00:00,1069.0,value,rack1_water
2023-06-29 13:00:00+00:00,1034.0,value,rack1_water
2023-06-29 13:30:00+00:00,666.0,value,rack1_water
2023-06-29 14:00:00+00:00,811.0,value,rack1_water
2023-06-29 14:30:00+00:00,811.0,value,rack1_water
2023-06-29 15:00:00+00:00,701.0,value,rack1_water
2023-06-29 15:30:00+00:00,877.0,value,rack1_water
2023-06-29 16:00:00+00:00,918.0,value,rack1_water
2023-06-29 16:30:00+00:00,809.0,value,rack1_water
2023-06-29 17:00:00+00:00,966.0,value,rack1_water
2023-06-29 17:30:00+00:00,822.0,value,rack1_water
2023-06-29 18:00:00+00:00,861.0,value,rack1_water
2023-06-29 18:30:00+00:00,669.0,value,rack1_water
2023-06-29 19:00:00+00:00,503.0,value,rack1_water
2023-06-29 19:30:00+00:00,1041.0,value,rack1_water
2023-06-29 20:00:00+00:00,1043.0,value,rack1_water
2023-06-29 20:30:00+00:00,1397.0,value,rack1_water
2023-06-29 21:00:00+00:00,1040.0,value,rack1_water
2023-06-29 21:30:00+00:00,1195.0,value,rack1_water
2023-06-29 22:00:00+00:00,964.0,value,rack1_water
2023-06-29 22:30:00+00:00,1633.0,value,rack1_water
2023-06-29 23:00:00+00:00,977.0,value,rack1_water
2023-06-29 23:30:00+00:00,901.0,value,rack1_water
2023-06-30 00:00:00+00:00,1031.0,value,rack1_water
2023-06-30 00:30:00+00:00,803.0,value,rack1_water
2023-06-30 01:00:00+00:00,965.0,value,rack1_water
2023-06-30 01:30:00+00:00,1011.0,value,rack1_water
2023-06-30 02:00:00+00:00,496.0,value,rack1_water
2023-06-30 02:30:00+00:00,976.0,value,rack1_water
2023-06-30 03:00:00+00:00,892.0,value,rack1_water
2023-06-30 03:30:00+00:00,629.0,value,rack1_water
2023-06-30 04:00:00+00:00,866.0,value,rack1_water
2023-06-30 04:30:00+00:00,863.0,value,rack1_water
2023-06-30 05:00:00+00:00,752.0,value,rack1_water
2023-06-30 05:30:00+00:00,907.0,value,rack1_water
2023-06-30 06:00:00+00:00,949.0,value,rack1_water
2023-06-30 07:00:00+00:00,942.0,value,rack1_water
2023-06-30 07:30:00+00:00,725.0,value,rack1_water
2023-06-30 08:00:00+00:00,1358.0,value,rack1_water
2023-06-30 08:30:00+00:00,995.0,value,rack1_water
2023-06-30 09:00:00+00:00,880.0,value,rack1_water
2023-06-30 09:30:00+00:00,939.0,value,rack1_water
2023-06-30 10:00:00+00:00,803.0,value,rack1_water
2023-06-30 10:30:00+00:00,815.0,value,rack1_water
2023-06-30 11:00:00+00:00,960.0,value,rack1_water
2023-06-30 11:30:00+00:00,1017.0,value,rack1_water
2023-06-30 12:00:00+00:00,640.0,value,rack1_water
2023-06-30 12:30:00+00:00,896.0,value,rack1_water
2023-06-30 13:00:00+00:00,642.0,value,rack1_water
2023-06-30 13:30:00+00:00,979.0,value,rack1_water
2023-06-30 14:00:00+00:00,752.0,value,rack1_water
2023-06-30 14:30:00+00:00,738.0,value,rack1_water
2023-06-30 15:00:00+00:00,727.0,value,rack1_water
2023-06-30 16:00:00+00:00,866.0,value,rack1_water
2023-06-30 16:30:00+00:00,925.0,value,rack1_water
2023-06-30 17:30:00+00:00,904.0,value,rack1_water
2023-06-30 18:00:00+00:00,898.0,value,rack1_water
2023-06-30 19:00:00+00:00,707.0,value,rack1_water
2023-06-30 20:00:00+00:00,819.0,value,rack1_water
2023-06-30 20:30:00+00:00,944.0,value,rack1_water
2023-06-30 21:00:00+00:00,826.0,value,rack1_water
2023-06-30 21:30:00+00:00,921.0,value,rack1_water
2023-06-30 22:00:00+00:00,623.0,value,rack1_water
2023-06-30 22:30:00+00:00,567.0,value,rack1_water
2023-06-30 23:00:00+00:00,794.0,value,rack1_water
2023-06-30 23:30:00+00:00,858.0,value,rack1_water
2023-07-01 00:00:00+00:00,910.0,value,rack1_water
2023-07-01 00:30:00+00:00,723.0,value,rack1_water
2023-07-01 01:00:00+00:00,987.0,value,rack1_water
2023-07-01 01:30:00+00:00,986.0,value,rack1_water
2023-07-01 02:00:00+00:00,829.0,value,rack1_water
2023-07-01 02:30:00+00:00,763.0,value,rack1_water
2023-07-01 03:00:00+00:00,951.0,value,rack1_water
2023-07-01 03:30:00+00:00,919.0,value,rack1_water
2023-07-01 04:00:00+00:00,546.0,value,rack1_water
2023-07-01 04:30:00+00:00,764.0,value,rack1_water
2023-07-01 05:00:00+00:00,825.0,value,rack1_water
2023-07-01 05:30:00+00:00,581.0,value,rack1_water
2023-07-01 06:00:00+00:00,864.0,value,rack1_water
2023-07-01 06:30:00+00:00,746.0,value,rack1_water
2023-07-01 07:00:00+00:00,721.0,value,rack1_water
2023-07-01 07:30:00+00:00,912.0,value,rack1_water
2023-07-01 08:00:00+00:00,1609.0,value,rack1_water
2023-07-01 08:30:00+00:00,944.0,value,rack1_water
2023-07-01 09:00:00+00:00,592.0,value,rack1_water
2023-07-01 09:30:00+00:00,619.0,value,rack1_water
2023-07-01 10:00:00+00:00,913.0,value,rack1_water
2023-07-01 10:30:00+00:00,899.0,value,rack1_water
2023-07-01 11:00:00+00:00,819.0,value,rack1_water
2023-07-01 11:30:00+00:00,944.0,value,rack1_water
2023-07-01 12:00:00+00:00,801.0,value,rack1_water
2023-07-01 12:30:00+00:00,1002.0,value,rack1_water
2023-07-01 13:00:00+00:00,957.0,value,rack1_water
2023-07-01 13:30:00+00:00,1066.0,value,rack1_water
2023-07-01 14:00:00+00:00,986.0,value,rack1_water
2023-07-01 14:30:00+00:00,879.0,value,rack1_water
2023-07-01 15:00:00+00:00,677.0,value,rack1_water
2023-07-01 15:30:00+00:00,1200.0,value,rack1_water
2023-07-01 16:00:00+00:00,765.0,value,rack1_water
2023-07-01 16:30:00+00:00,991.0,value,rack1_water
2023-07-01 17:00:00+00:00,912.0,value,rack1_water
2023-07-01 18:00:00+00:00,1106.0,value,rack1_water
2023-07-01 18:30:00+00:00,935.0,value,rack1_water
2023-07-01 19:00:00+00:00,1039.0,value,rack1_water
2023-07-01 19:30:00+00:00,794.0,value,rack1_water
2023-07-01 20:00:00+00:00,1100.0,value,rack1_water
2023-07-01 20:30:00+00:00,816.0,value,rack1_water
2023-07-01 21:00:00+00:00,1014.0,value,rack1_water
2023-07-01 21:30:00+00:00,964.0,value,rack1_water
2023-07-01 22:00:00+00:00,531.0,value,rack1_water
2023-07-01 22:30:00+00:00,969.0,value,rack1_water
2023-07-01 23:00:00+00:00,946.0,value,rack1_water
2023-07-01 23:30:00+00:00,1035.0,value,rack1_water
2023-07-02 00:00:00+00:00,778.0,value,rack1_water
2023-07-02 00:30:00+00:00,720.0,value,rack1_water
2023-07-02 01:00:00+00:00,944.0,value,rack1_water
2023-07-02 01:30:00+00:00,915.0,value,rack1_water
2023-07-02 02:00:00+00:00,859.0,value,rack1_water
2023-07-02 02:30:00+00:00,688.0,value,rack1_water
2023-07-02 03:00:00+00:00,683.0,value,rack1_water
2023-07-02 03:30:00+00:00,880.0,value,rack1_water
2023-07-02 04:00:00+00:00,763.0,value,rack1_water
2023-07-02 04:30:00+00:00,431.0,value,rack1_water
2023-07-02 05:00:00+00:00,831.0,value,rack1_water
2023-07-02 05:30:00+00:00,747.0,value,rack1_water
2023-07-02 06:00:00+00:00,583.0,value,rack1_water
2023-07-02 06:30:00+00:00,848.0,value,rack1_water
2023-07-02 07:00:00+00:00,822.0,value,rack1_water
2023-07-02 07:30:00+00:00,845.0,value,rack1_water
2023-07-02 08:00:00+00:00,891.0,value,rack1_water
2023-07-02 08:30:00+00:00,815.0,value,rack1_water
2023-07-02 09:00:00+00:00,847.0,value,rack1_water
2023-07-02 09:30:00+00:00,815.0,value,rack1_water
2023-07-02 10:00:00+00:00,672.0,value,rack1_water
2023-07-02 10:30:00+00:00,701.0,value,rack1_water
2023-07-02 11:00:00+00:00,950.0,value,rack1_water
2023-07-02 11:30:00+00:00,930.0,value,rack1_water
2023-07-02 12:00:00+00:00,986.0,value,rack1_water
2023-07-02 12:30:00+00:00,958.0,value,rack1_water
2023-07-02 13:00:00+00:00,688.0,value,rack1_water
2023-07-02 13:30:00+00:00,858.0,value,rack1_water
2023-07-02 14:00:00+00:00,829.0,value,rack1_water
2023-07-02 14:30:00+00:00,1122.0,value,rack1_water
2023-07-02 15:00:00+00:00,705.0,value,rack1_water
2023-07-02 15:30:00+00:00,915.0,value,rack1_water
2023-07-02 16:00:00+00:00,730.0,value,rack1_water
2023-07-02 16:30:00+00:00,832.0,value,rack1_water
2023-07-02 17:00:00+00:00,1123.0,value,rack1_water
2023-07-02 17:30:00+00:00,784.0,value,rack1_water
2023-07-02 18:00:00+00:00,1089.0,value,rack1_water
2023-07-02 18:30:00+00:00,1044.0,value,rack1_water
2023-07-02 19:00:00+00:00,1062.0,value,rack1_water
2023-07-02 19:30:00+00:00,749.0,value,rack1_water
2023-07-02 20:00:00+00:00,744.0,value,rack1_water
2023-07-02 20:30:00+00:00,1056.0,value,rack1_water
2023-07-02 21:00:00+00:00,822.0,value,rack1_water
2023-07-02 21:30:00+00:00,949.0,value,rack1_water
2023-07-02 22:00:00+00:00,816.0,value,rack1_water
2023-07-02 22:30:00+00:00,924.0,value,rack1_water
2023-07-02 23:00:00+00:00,959.0,value,rack1_water
2023-07-02 23:30:00+00:00,848.0,value,rack1_water
2023-07-03 00:00:00+00:00,986.0,value,rack1_water
2023-07-03 00:30:00+00:00,894.0,value,rack1_water
2023-07-03 01:00:00+00:00,915.0,value,rack1_water
2023-07-03 01:30:00+00:00,927.0,value,rack1_water
2023-07-03 02:00:00+00:00,897.0,value,rack1_water
2023-07-03 02:30:00+00:00,528.0,value,rack1_water
2023-07-03 03:00:00+00:00,866.0,value,rack1_water
2023-07-03 03:30:00+00:00,770.0,value,rack1_water
2023-07-03 04:00:00+00:00,863.0,value,rack1_water
2023-07-03 04:30:00+00:00,855.0,value,rack1_water
2023-07-03 05:00:00+00:00,886.0,value,rack1_water
2023-07-03 05:30:00+00:00,919.0,value,rack1_water
2023-07-03 06:00:00+00:00,806.0,value,rack1_water
2023-07-03 06:30:00+00:00,675.0,value,rack1_water
2023-07-03 07:00:00+00:00,622.0,value,rack1_water
2023-07-03 08:00:00+00:00,528.0,value,rack1_water
2023-07-03 08:30:00+00:00,793.0,value,rack1_water
2023-07-03 09:00:00+00:00,912.0,value,rack1_water
2023-07-03 09:30:00+00:00,874.0,value,rack1_water
2023-07-03 10:00:00+00:00,1116.0,value,rack1_water
2023-07-03 10:30:00+00:00,850.0,value,rack1_water
2023-07-03 11:00:00+00:00,966.0,value,rack1_water
2023-07-03 11:30:00+00:00,813.0,value,rack1_water
2023-07-03 12:00:00+00:00,784.0,value,rack1_water
2023-07-03 12:30:00+00:00,907.0,value,rack1_water
2023-07-03 13:00:00+00:00,1181.0,value,rack1_water
2023-07-03 13:30:00+00:00,913.0,value,rack1_water
2023-07-03 14:00:00+00:00,885.0,value,rack1_water
2023-07-03 14:30:00+00:00,880.0,value,rack1_water
2023-07-03 15:00:00+00:00,910.0,value,rack1_water
2023-07-03 15:30:00+00:00,976.0,value,rack1_water
2023-07-03 16:00:00+00:00,1089.0,value,rack1_water
2023-07-03 16:30:00+00:00,896.0,value,rack1_water
2023-07-03 17:00:00+00:00,929.0,value,rack1_water
2023-07-03 17:30:00+00:00,907.0,value,rack1_water
2023-07-03 18:00:00+00:00,893.0,value,rack1_water
2023-07-03 18:30:00+00:00,1008.0,value,rack1_water
2023-07-03 19:00:00+00:00,850.0,value,rack1_water
2023-07-03 19:30:00+00:00,1053.0,value,rack1_water
2023-07-03 20:00:00+00:00,841.0,value,rack1_water
2023-07-03 20:30:00+00:00,656.0,value,rack1_water
2023-07-03 21:00:00+00:00,921.0,value,rack1_water
2023-07-03 21:30:00+00:00,912.0,value,rack1_water
2023-07-03 22:00:00+00:00,478.0,value,rack1_water
2023-07-03 22:30:00+00:00,951.0,value,rack1_water
2023-07-03 23:00:00+00:00,161.0,value,rack1_water
2023-07-03 23:30:00+00:00,861.0,value,rack1_water
2023-07-04 00:00:00+00:00,1014.0,value,rack1_water
2023-07-04 00:30:00+00:00,1250.0,value,rack1_water
2023-07-04 01:00:00+00:00,788.0,value,rack1_water
2023-07-04 01:30:00+00:00,977.0,value,rack1_water
2023-07-04 02:00:00+00:00,827.0,value,rack1_water
2023-07-04 02:30:00+00:00,510.0,value,rack1_water
2023-07-04 03:00:00+00:00,1020.0,value,rack1_water
2023-07-04 03:30:00+00:00,934.0,value,rack1_water
2023-07-04 04:00:00+00:00,711.0,value,rack1_water
2023-07-04 04:30:00+00:00,745.0,value,rack1_water
2023-07-04 05:00:00+00:00,905.0,value,rack1_water
2023-07-04 05:30:00+00:00,1042.0,value,rack1_water
2023-07-04 06:00:00+00:00,1054.0,value,rack1_water
2023-07-04 06:30:00+00:00,721.0,value,rack1_water
2023-07-04 07:00:00+00:00,954.0,value,rack1_water
2023-07-04 07:30:00+00:00,848.0,value,rack1_water
2023-07-04 08:00:00+00:00,944.0,value,rack1_water
2023-07-04 08:30:00+00:00,1011.0,value,rack1_water
2023-07-04 09:00:00+00:00,909.0,value,rack1_water
2023-07-04 09:30:00+00:00,1088.0,value,rack1_water
2023-07-04 10:00:00+00:00,1118.0,value,rack1_water
2023-07-04 10:30:00+00:00,1054.0,value,rack1_water
2023-07-04 11:00:00+00:00,1008.0,value,rack1_water
2023-07-04 11:30:00+00:00,888.0,value,rack1_water
2023-07-04 12:00:00+00:00,1105.0,value,rack1_water
2023-07-04 12:30:00+00:00,938.0,value,rack1_water
2023-07-04 13:00:00+00:00,1101.0,value,rack1_water
2023-07-04 13:30:00+00:00,635.0,value,rack1_water
2023-07-04 14:00:00+00:00,1171.0,value,rack1_water
2023-07-04 14:30:00+00:00,1138.0,value,rack1_water
2023-07-04 15:00:00+00:00,2213.0,value,rack1_water
2023-07-04 15:30:00+00:00,932.0,value,rack1_water
2023-07-04 16:00:00+00:00,837.0,value,rack1_water
2023-07-04 16:30:00+00:00,2213.0,value,rack1_water
2023-07-04 17:00:00+00:00,1165.0,value,rack1_water
2023-07-04 17:30:00+00:00,1210.0,value,rack1_water
2023-07-04 18:00:00+00:00,1634.0,value,rack1_water
2023-07-04 18:30:00+00:00,1294.0,value,rack1_water
2023-07-04 19:00:00+00:00,937.0,value,rack1_water
2023-07-04 19:30:00+00:00,860.0,value,rack1_water
2023-07-04 20:00:00+00:00,1229.0,value,rack1_water
2023-07-04 20:30:00+00:00,2352.0,value,rack1_water
2023-07-04 21:00:00+00:00,1017.0,value,rack1_water
2023-07-04 21:30:00+00:00,721.0,value,rack1_water
2023-07-04 22:00:00+00:00,1296.0,value,rack1_water
2023-07-04 22:30:00+00:00,1157.0,value,rack1_water
2023-07-04 23:00:00+00:00,1296.0,value,rack1_water
2023-07-04 23:30:00+00:00,1047.0,value,rack1_water
2023-07-05 00:00:00+00:00,1127.0,value,rack1_water
2023-07-05 00:30:00+00:00,1190.0,value,rack1_water
2023-07-05 01:00:00+00:00,1169.0,value,rack1_water
2023-07-05 01:30:00+00:00,1241.0,value,rack1_water
2023-07-05 02:00:00+00:00,829.0,value,rack1_water
2023-07-05 02:30:00+00:00,1249.0,value,rack1_water
2023-07-05 03:00:00+00:00,2265.0,value,rack1_water
2023-07-05 03:30:00+00:00,1104.0,value,rack1_water
2023-07-05 04:00:00+00:00,1221.0,value,rack1_water
2023-07-05 04:30:00+00:00,1043.0,value,rack1_water
2023-07-05 05:00:00+00:00,1003.0,value,rack1_water
2023-07-05 05:30:00+00:00,997.0,value,rack1_water
2023-07-05 06:00:00+00:00,933.0,value,rack1_water
2023-07-05 06:30:00+00:00,841.0,value,rack1_water
2023-07-05 07:00:00+00:00,1170.0,value,rack1_water
2023-07-05 07:30:00+00:00,1104.0,value,rack1_water
2023-07-05 08:00:00+00:00,1067.0,value,rack1_water
2023-07-05 08:30:00+00:00,1415.0,value,rack1_water
2023-07-05 09:00:00+00:00,977.0,value,rack1_water
2023-07-05 09:30:00+00:00,783.0,value,rack1_water
2023-07-05 10:00:00+00:00,1071.0,value,rack1_water
2023-07-05 10:30:00+00:00,1235.0,value,rack1_water
2023-07-05 11:00:00+00:00,1296.0,value,rack1_water
2023-07-05 11:30:00+00:00,1211.0,value,rack1_water
2023-07-05 12:00:00+00:00,2080.0,value,rack1_water
2023-07-05 12:30:00+00:00,976.0,value,rack1_water
2023-07-05 13:00:00+00:00,1089.0,value,rack1_water
2023-07-05 13:30:00+00:00,1280.0,value,rack1_water
2023-07-05 14:00:00+00:00,1286.0,value,rack1_water
2023-07-05 14:30:00+00:00,1494.0,value,rack1_water
2023-07-05 15:00:00+00:00,1163.0,value,rack1_water
2023-07-05 15:30:00+00:00,1202.0,value,rack1_water
2023-07-05 16:00:00+00:00,1012.0,value,rack1_water
2023-07-05 16:30:00+00:00,1205.0,value,rack1_water
2023-07-05 17:00:00+00:00,1232.0,value,rack1_water
2023-07-05 17:30:00+00:00,1195.0,value,rack1_water
2023-07-05 18:00:00+00:00,1316.0,value,rack1_water
2023-07-05 18:30:00+00:00,1236.0,value,rack1_water
2023-07-05 19:00:00+00:00,1169.0,value,rack1_water
2023-07-05 19:30:00+00:00,1293.0,value,rack1_water
2023-07-05 20:00:00+00:00,1264.0,value,rack1_water
2023-07-05 20:30:00+00:00,1083.0,value,rack1_water
2023-07-05 21:00:00+00:00,1126.0,value,rack1_water
2023-07-05 21:30:00+00:00,1075.0,value,rack1_water
2023-07-05 22:00:00+00:00,1056.0,value,rack1_water
2023-07-05 22:30:00+00:00,1061.0,value,rack1_water
2023-07-05 23:00:00+00:00,960.0,value,rack1_water
2023-07-05 23:30:00+00:00,902.0,value,rack1_water
2023-07-06 00:00:00+00:00,841.0,value,rack1_water
2023-07-06 00:30:00+00:00,784.0,value,rack1_water
2023-07-06 01:00:00+00:00,830.0,value,rack1_water
2023-07-06 01:30:00+00:00,697.0,value,rack1_water
2023-07-06 02:00:00+00:00,795.0,value,rack1_water
2023-07-06 02:30:00+00:00,884.0,value,rack1_water
2023-07-06 03:00:00+00:00,560.0,value,rack1_water
2023-07-06 03:30:00+00:00,829.0,value,rack1_water
2023-07-06 04:00:00+00:00,907.0,value,rack1_water
2023-07-06 04:30:00+00:00,935.0,value,rack1_water
2023-07-06 05:00:00+00:00,800.0,value,rack1_water
2023-07-06 05:30:00+00:00,998.0,value,rack1_water
2023-07-06 06:00:00+00:00,799.0,value,rack1_water
2023-07-06 06:30:00+00:00,909.0,value,rack1_water
2023-07-06 07:00:00+00:00,592.0,value,rack1_water
2023-07-06 07:30:00+00:00,848.0,value,rack1_water
2023-07-06 08:00:00+00:00,779.0,value,rack1_water
2023-07-06 08:30:00+00:00,896.0,value,rack1_water
2023-07-06 09:00:00+00:00,976.0,value,rack1_water
2023-07-06 09:30:00+00:00,838.0,value,rack1_water
2023-07-06 10:00:00+00:00,782.0,value,rack1_water
2023-07-06 10:30:00+00:00,1298.0,value,rack1_water
2023-07-06 11:00:00+00:00,849.0,value,rack1_water
2023-07-06 11:30:00+00:00,687.0,value,rack1_water
2023-07-06 12:00:00+00:00,899.0,value,rack1_water
2023-07-06 12:30:00+00:00,944.0,value,rack1_water
2023-07-06 13:00:00+00:00,769.0,value,rack1_water
2023-07-06 13:30:00+00:00,946.0,value,rack1_water
2023-07-06 14:00:00+00:00,940.0,value,rack1_water
2023-07-06 14:30:00+00:00,967.0,value,rack1_water
2023-07-06 15:00:00+00:00,663.0,value,rack1_water
2023-07-06 15:30:00+00:00,960.0,value,rack1_water
2023-07-06 16:00:00+00:00,909.0,value,rack1_water
2023-07-06 16:30:00+00:00,852.0,value,rack1_water
2023-07-06 17:00:00+00:00,909.0,value,rack1_water
2023-07-06 17:30:00+00:00,898.0,value,rack1_water
2023-07-06 18:00:00+00:00,847.0,value,rack1_water
2023-07-06 18:30:00+00:00,688.0,value,rack1_water
2023-07-06 19:00:00+00:00,624.0,value,rack1_water
2023-07-06 19:30:00+00:00,927.0,value,rack1_water
2023-07-06 20:00:00+00:00,675.0,value,rack1_water
2023-07-06 20:30:00+00:00,733.0,value,rack1_water
2023-07-06 21:00:00+00:00,916.0,value,rack1_water
2023-07-06 21:30:00+00:00,835.0,value,rack1_water
2023-07-06 22:00:00+00:00,987.0,value,rack1_water
2023-07-06 22:30:00+00:00,816.0,value,rack1_water
2023-07-06 23:00:00+00:00,763.0,value,rack1_water
2023-07-06 23:30:00+00:00,829.0,value,rack1_water
2023-07-07 00:00:00+00:00,791.0,value,rack1_water
2023-07-07 00:30:00+00:00,832.0,value,rack1_water
2023-07-07 01:00:00+00:00,739.0,value,rack1_water
2023-07-07 01:30:00+00:00,843.0,value,rack1_water
2023-07-07 02:00:00+00:00,798.0,value,rack1_water
2023-07-07 02:30:00+00:00,719.0,value,rack1_water
2023-07-07 03:00:00+00:00,807.0,value,rack1_water
2023-07-07 03:30:00+00:00,1168.0,value,rack1_water
2023-07-07 04:00:00+00:00,924.0,value,rack1_water
2023-07-07 04:30:00+00:00,1082.0,value,rack1_water
2023-07-07 05:00:00+00:00,1016.0,value,rack1_water
2023-07-07 05:30:00+00:00,813.0,value,rack1_water
2023-07-07 06:00:00+00:00,1045.0,value,rack1_water
2023-07-07 06:30:00+00:00,976.0,value,rack1_water
2023-07-07 07:00:00+00:00,1072.0,value,rack1_water
2023-07-07 07:30:00+00:00,1007.0,value,rack1_water
2023-07-07 08:00:00+00:00,721.0,value,rack1_water
2023-07-07 08:30:00+00:00,834.0,value,rack1_water
2023-07-07 09:00:00+00:00,854.0,value,rack1_water
2023-07-07 09:30:00+00:00,707.0,value,rack1_water
2023-07-07 10:00:00+00:00,848.0,value,rack1_water
2023-07-07 10:30:00+00:00,839.0,value,rack1_water
2023-07-07 11:00:00+00:00,801.0,value,rack1_water
2023-07-07 11:30:00+00:00,872.0,value,rack1_water
2023-07-07 12:00:00+00:00,675.0,value,rack1_water
2023-07-07 12:30:00+00:00,950.0,value,rack1_water
2023-07-07 13:00:00+00:00,667.0,value,rack1_water
2023-07-07 13:30:00+00:00,854.0,value,rack1_water
2023-07-07 14:00:00+00:00,741.0,value,rack1_water
2023-07-07 14:30:00+00:00,656.0,value,rack1_water
2023-07-07 15:00:00+00:00,902.0,value,rack1_water
2023-07-07 15:30:00+00:00,1040.0,value,rack1_water
2023-07-07 16:00:00+00:00,784.0,value,rack1_water
2023-07-07 16:30:00+00:00,856.0,value,rack1_water
2023-07-07 17:00:00+00:00,960.0,value,rack1_water
2023-07-07 17:30:00+00:00,839.0,value,rack1_water
2023-07-07 18:30:00+00:00,833.0,value,rack1_water
2023-07-07 19:00:00+00:00,1015.0,value,rack1_water
2023-07-07 19:30:00+00:00,802.0,value,rack1_water
2023-07-07 20:00:00+00:00,867.0,value,rack1_water
2023-07-07 20:30:00+00:00,627.0,value,rack1_water
2023-07-07 21:00:00+00:00,969.0,value,rack1_water
2023-07-07 21:30:00+00:00,674.0,value,rack1_water
2023-07-07 22:00:00+00:00,885.0,value,rack1_water
2023-07-07 22:30:00+00:00,748.0,value,rack1_water
2023-07-07 23:00:00+00:00,1040.0,value,rack1_water
2023-07-07 23:30:00+00:00,768.0,value,rack1_water
2023-07-08 00:00:00+00:00,985.0,value,rack1_water
2023-07-08 00:30:00+00:00,803.0,value,rack1_water
2023-07-08 01:00:00+00:00,844.0,value,rack1_water
2023-07-08 01:30:00+00:00,911.0,value,rack1_water
2023-07-08 02:30:00+00:00,788.0,value,rack1_water
2023-07-08 03:00:00+00:00,934.0,value,rack1_water
2023-07-08 03:30:00+00:00,912.0,value,rack1_water
2023-07-08 04:00:00+00:00,507.0,value,rack1_water
2023-07-08 04:30:00+00:00,736.0,value,rack1_water
2023-07-08 05:00:00+00:00,1061.0,value,rack1_water
2023-07-08 05:30:00+00:00,912.0,value,rack1_water
2023-07-08 06:00:00+00:00,997.0,value,rack1_water
2023-07-08 06:30:00+00:00,782.0,value,rack1_water
2023-07-08 07:00:00+00:00,946.0,value,rack1_water
2023-07-08 08:00:00+00:00,1036.0,value,rack1_water
2023-07-08 08:30:00+00:00,624.0,value,rack1_water
2023-07-08 09:00:00+00:00,689.0,value,rack1_water
2023-07-08 09:30:00+00:00,921.0,value,rack1_water
2023-07-08 10:00:00+00:00,1014.0,value,rack1_water
2023-07-08 10:30:00+00:00,965.0,value,rack1_water
2023-07-08 11:00:00+00:00,739.0,value,rack1_water
2023-07-08 11:30:00+00:00,917.0,value,rack1_water
2023-07-08 12:00:00+00:00,860.0,value,rack1_water
2023-07-08 12:30:00+00:00,1072.0,value,rack1_water
2023-07-08 13:00:00+00:00,1399.0,value,rack1_water
2023-07-08 13:30:00+00:00,989.0,value,rack1_water
2023-07-08 14:00:00+00:00,1102.0,value,rack1_water
2023-07-08 14:30:00+00:00,1071.0,value,rack1_water
2023-07-08 15:00:00+00:00,816.0,value,rack1_water
2023-07-08 15:30:00+00:00,757.0,value,rack1_water
2023-07-08 16:00:00+00:00,1146.0,value,rack1_water
2023-07-08 16:30:00+00:00,1073.0,value,rack1_water
2023-07-08 17:00:00+00:00,1104.0,value,rack1_water
2023-07-08 17:30:00+00:00,946.0,value,rack1_water
2023-07-08 18:00:00+00:00,980.0,value,rack1_water
2023-07-08 18:30:00+00:00,935.0,value,rack1_water
2023-07-08 19:00:00+00:00,1429.0,value,rack1_water
2023-07-08 19:30:00+00:00,1150.0,value,rack1_water
2023-07-08 20:00:00+00:00,1154.0,value,rack1_water
2023-07-08 20:30:00+00:00,1072.0,value,rack1_water
2023-07-08 21:00:00+00:00,894.0,value,rack1_water
2023-07-08 21:30:00+00:00,1230.0,value,rack1_water
2023-07-08 22:00:00+00:00,1152.0,value,rack1_water
2023-07-08 22:30:00+00:00,1034.0,value,rack1_water
2023-07-08 23:00:00+00:00,926.0,value,rack1_water
2023-07-08 23:30:00+00:00,1005.0,value,rack1_water
2023-07-09 00:00:00+00:00,1171.0,value,rack1_water
2023-07-09 00:30:00+00:00,1013.0,value,rack1_water
2023-07-18 06:30:00+00:00,258.0,value,rack1_water
2023-07-18 07:00:00+00:00,763.0,value,rack1_water
2023-07-18 07:30:00+00:00,617.0,value,rack1_water
2023-07-18 08:00:00+00:00,758.0,value,rack1_water
2023-07-18 09:00:00+00:00,544.0,value,rack1_water
2023-07-18 09:30:00+00:00,688.0,value,rack1_water
2023-07-18 10:00:00+00:00,318.0,value,rack1_water
2023-07-18 10:30:00+00:00,1558.0,value,rack1_water
2023-07-18 11:00:00+00:00,1725.0,value,rack1_water
2023-07-18 11:30:00+00:00,848.0,value,rack1_water
2023-07-18 12:00:00+00:00,955.0,value,rack1_water
2023-07-18 12:30:00+00:00,1040.0,value,rack1_water
2023-07-18 13:00:00+00:00,1077.0,value,rack1_water
2023-07-18 13:30:00+00:00,823.0,value,rack1_water
2023-07-18 14:00:00+00:00,878.0,value,rack1_water
2023-07-18 14:30:00+00:00,664.0,value,rack1_water
2023-07-18 15:00:00+00:00,848.0,value,rack1_water
2023-07-18 15:30:00+00:00,1029.0,value,rack1_water
2023-07-18 16:00:00+00:00,656.0,value,rack1_water
2023-07-18 16:30:00+00:00,690.0,value,rack1_water
2023-07-18 17:00:00+00:00,610.0,value,rack1_water
2023-07-18 17:30:00+00:00,737.0,value,rack1_water
2023-07-18 18:00:00+00:00,601.0,value,rack1_water
2023-07-18 19:00:00+00:00,685.0,value,rack1_water
2023-07-18 19:30:00+00:00,662.0,value,rack1_water
2023-07-18 20:30:00+00:00,243.0,value,rack1_water
2023-07-18 21:00:00+00:00,621.0,value,rack1_water
2023-07-18 21:30:00+00:00,681.0,value,rack1_water
2023-07-18 22:00:00+00:00,620.0,value,rack1_water
2023-07-18 22:30:00+00:00,581.0,value,rack1_water
2023-07-18 23:00:00+00:00,560.0,value,rack1_water
2023-07-18 23:30:00+00:00,510.0,value,rack1_water
2023-07-19 00:00:00+00:00,746.0,value,rack1_water
2023-07-19 00:30:00+00:00,495.0,value,rack1_water
2023-07-19 01:00:00+00:00,585.0,value,rack1_water
2023-07-19 01:30:00+00:00,752.0,value,rack1_water
2023-07-19 02:00:00+00:00,772.0,value,rack1_water
2023-07-19 02:30:00+00:00,726.0,value,rack1_water
2023-07-19 03:00:00+00:00,786.0,value,rack1_water
2023-07-19 03:30:00+00:00,759.0,value,rack1_water
2023-07-19 04:00:00+00:00,631.0,value,rack1_water
2023-07-19 04:30:00+00:00,537.0,value,rack1_water
2023-07-19 05:00:00+00:00,687.0,value,rack1_water
2023-07-19 05:30:00+00:00,677.0,value,rack1_water
2023-07-19 06:00:00+00:00,607.0,value,rack1_water
2023-07-19 06:30:00+00:00,550.0,value,rack1_water
2023-07-19 07:30:00+00:00,693.0,value,rack1_water
2023-07-19 08:00:00+00:00,674.0,value,rack1_water
2023-07-19 08:30:00+00:00,528.0,value,rack1_water
2023-07-19 09:00:00+00:00,472.0,value,rack1_water
2023-07-19 09:30:00+00:00,547.0,value,rack1_water
2023-07-19 10:00:00+00:00,671.5,value,rack1_water
2023-07-19 10:30:00+00:00,803.0,value,rack1_water
2023-07-19 11:00:00+00:00,723.0,value,rack1_water
2023-07-19 11:30:00+00:00,555.0,value,rack1_water
2023-07-19 12:00:00+00:00,503.0,value,rack1_water
2023-07-19 12:30:00+00:00,787.0,value,rack1_water
2023-07-19 13:00:00+00:00,766.0,value,rack1_water
2023-07-19 13:30:00+00:00,755.0,value,rack1_water
2023-07-19 14:00:00+00:00,732.0,value,rack1_water
2023-07-19 14:30:00+00:00,834.0,value,rack1_water
2023-07-19 15:00:00+00:00,591.0,value,rack1_water
2023-07-19 15:30:00+00:00,624.0,value,rack1_water
2023-07-19 16:00:00+00:00,606.0,value,rack1_water
2023-07-19 16:30:00+00:00,578.0,value,rack1_water
2023-07-19 17:00:00+00:00,690.0,value,rack1_water
2023-07-19 17:30:00+00:00,610.0,value,rack1_water
2023-07-19 18:00:00+00:00,768.0,value,rack1_water
2023-07-19 18:30:00+00:00,689.0,value,rack1_water
2023-07-19 19:00:00+00:00,807.0,value,rack1_water
2023-07-19 19:30:00+00:00,554.0,value,rack1_water
2023-07-19 20:00:00+00:00,702.0,value,rack1_water
2023-07-19 20:30:00+00:00,673.0,value,rack1_water
2023-07-19 21:00:00+00:00,400.0,value,rack1_water
2023-07-19 21:30:00+00:00,751.0,value,rack1_water
2023-07-19 22:00:00+00:00,841.0,value,rack1_water
2023-07-19 22:30:00+00:00,660.0,value,rack1_water
2023-07-19 23:00:00+00:00,583.0,value,rack1_water
2023-07-19 23:30:00+00:00,374.0,value,rack1_water
2023-07-20 00:00:00+00:00,640.0,value,rack1_water
2023-07-20 00:30:00+00:00,548.0,value,rack1_water
2023-07-20 01:00:00+00:00,655.0,value,rack1_water
2023-07-20 01:30:00+00:00,677.0,value,rack1_water
2023-07-20 02:00:00+00:00,624.0,value,rack1_water
2023-07-20 02:30:00+00:00,686.0,value,rack1_water
2023-07-20 04:30:00+00:00,578.0,value,rack1_water
2023-07-20 05:30:00+00:00,560.0,value,rack1_water
2023-07-20 06:00:00+00:00,537.0,value,rack1_water
2023-07-20 06:30:00+00:00,689.0,value,rack1_water
2023-07-20 07:00:00+00:00,613.0,value,rack1_water
2023-07-20 07:30:00+00:00,769.0,value,rack1_water
2023-07-20 09:30:00+00:00,587.0,value,rack1_water
2023-07-20 10:00:00+00:00,670.0,value,rack1_water
2023-07-20 10:30:00+00:00,668.0,value,rack1_water
2023-07-20 11:30:00+00:00,345.0,value,rack1_water
2023-07-20 12:30:00+00:00,576.0,value,rack1_water
2023-07-20 13:00:00+00:00,806.0,value,rack1_water
2023-07-20 13:30:00+00:00,827.0,value,rack1_water
2023-07-20 14:00:00+00:00,752.0,value,rack1_water
2023-07-20 15:00:00+00:00,820.0,value,rack1_water
2023-07-20 15:30:00+00:00,701.0,value,rack1_water
2023-07-20 16:00:00+00:00,759.0,value,rack1_water
2023-07-20 16:30:00+00:00,731.0,value,rack1_water
2023-07-20 17:00:00+00:00,506.0,value,rack1_water
2023-07-20 17:30:00+00:00,641.0,value,rack1_water
2023-07-20 18:00:00+00:00,610.0,value,rack1_water
2023-07-20 18:30:00+00:00,768.0,value,rack1_water
2023-07-20 19:00:00+00:00,720.0,value,rack1_water
2023-07-20 19:30:00+00:00,530.0,value,rack1_water
2023-07-20 20:00:00+00:00,727.0,value,rack1_water
2023-07-20 20:30:00+00:00,810.0,value,rack1_water
2023-07-20 21:00:00+00:00,764.0,value,rack1_water
2023-07-20 21:30:00+00:00,656.0,value,rack1_water
2023-07-20 22:00:00+00:00,847.0,value,rack1_water
2023-07-20 22:30:00+00:00,727.0,value,rack1_water
2023-07-20 23:00:00+00:00,690.0,value,rack1_water
2023-07-20 23:30:00+00:00,745.0,value,rack1_water
2023-07-21 00:00:00+00:00,811.0,value,rack1_water
2023-07-21 00:30:00+00:00,787.0,value,rack1_water
2023-07-21 01:00:00+00:00,907.0,value,rack1_water
2023-07-21 01:30:00+00:00,844.0,value,rack1_water
2023-07-21 02:30:00+00:00,862.0,value,rack1_water
2023-07-21 03:30:00+00:00,722.0,value,rack1_water
2023-07-21 04:00:00+00:00,626.0,value,rack1_water
2023-07-21 04:30:00+00:00,1162.0,value,rack1_water
2023-07-21 05:00:00+00:00,923.0,value,rack1_water
2023-07-21 05:30:00+00:00,847.0,value,rack1_water
2023-07-21 06:00:00+00:00,746.0,value,rack1_water
2023-07-21 06:30:00+00:00,781.0,value,rack1_water
2023-07-21 07:00:00+00:00,976.0,value,rack1_water
2023-07-21 07:30:00+00:00,845.0,value,rack1_water
2023-07-21 08:00:00+00:00,853.0,value,rack1_water
2023-07-21 09:00:00+00:00,791.0,value,rack1_water
2023-07-21 09:30:00+00:00,899.0,value,rack1_water
2023-07-21 10:00:00+00:00,653.0,value,rack1_water
2023-07-21 10:30:00+00:00,912.0,value,rack1_water
2023-07-21 11:00:00+00:00,769.0,value,rack1_water
2023-07-21 11:30:00+00:00,665.0,value,rack1_water
2023-07-21 12:00:00+00:00,879.0,value,rack1_water
2023-07-21 12:30:00+00:00,817.0,value,rack1_water
2023-07-21 13:00:00+00:00,626.0,value,rack1_water
2023-07-21 13:30:00+00:00,767.0,value,rack1_water
2023-07-21 14:00:00+00:00,863.0,value,rack1_water
2023-07-21 14:30:00+00:00,834.0,value,rack1_water
2023-07-21 15:00:00+00:00,685.0,value,rack1_water
2023-07-21 15:30:00+00:00,923.0,value,rack1_water
2023-07-21 16:00:00+00:00,676.0,value,rack1_water
2023-07-21 17:00:00+00:00,668.0,value,rack1_water
2023-07-21 17:30:00+00:00,851.0,value,rack1_water
2023-07-21 18:00:00+00:00,895.0,value,rack1_water
2023-07-21 18:30:00+00:00,928.0,value,rack1_water
2023-07-21 19:00:00+00:00,746.0,value,rack1_water
2023-07-21 19:30:00+00:00,861.0,value,rack1_water
2023-07-21 20:00:00+00:00,736.0,value,rack1_water
2023-07-21 20:30:00+00:00,832.0,value,rack1_water
2023-07-21 21:00:00+00:00,626.0,value,rack1_water
2023-07-21 21:30:00+00:00,688.0,value,rack1_water
2023-07-21 22:00:00+00:00,777.0,value,rack1_water
2023-07-21 22:30:00+00:00,656.0,value,rack1_water
2023-07-21 23:00:00+00:00,800.0,value,rack1_water
2023-07-21 23:30:00+00:00,621.0,value,rack1_water
2023-07-22 00:00:00+00:00,544.0,value,rack1_water
2023-07-22 00:30:00+00:00,640.0,value,rack1_water
2023-07-22 01:00:00+00:00,919.0,value,rack1_water
2023-07-22 01:30:00+00:00,493.0,value,rack1_water
2023-07-22 02:00:00+00:00,655.0,value,rack1_water
2023-07-22 02:30:00+00:00,628.0,value,rack1_water
2023-07-22 03:00:00+00:00,740.0,value,rack1_water
2023-07-22 03:30:00+00:00,842.0,value,rack1_water
2023-07-22 04:00:00+00:00,719.0,value,rack1_water
2023-07-22 04:30:00+00:00,753.0,value,rack1_water
2023-07-22 05:00:00+00:00,702.0,value,rack1_water
2023-07-22 06:00:00+00:00,629.0,value,rack1_water
2023-07-22 06:30:00+00:00,704.0,value,rack1_water
2023-07-22 07:00:00+00:00,816.0,value,rack1_water
2023-07-22 07:30:00+00:00,807.0,value,rack1_water
2023-07-22 08:00:00+00:00,734.0,value,rack1_water
2023-07-22 08:30:00+00:00,816.0,value,rack1_water
2023-07-22 09:00:00+00:00,720.0,value,rack1_water
2023-07-22 09:30:00+00:00,876.0,value,rack1_water
2023-07-22 10:00:00+00:00,721.0,value,rack1_water
2023-07-22 10:30:00+00:00,785.0,value,rack1_water
2023-07-22 11:00:00+00:00,140.0,value,rack1_water
2023-07-22 11:30:00+00:00,912.0,value,rack1_water
2023-07-22 12:00:00+00:00,889.0,value,rack1_water
2023-07-22 12:30:00+00:00,793.0,value,rack1_water
2023-07-22 13:00:00+00:00,1018.0,value,rack1_water
2023-07-22 13:30:00+00:00,897.0,value,rack1_water
2023-07-22 14:00:00+00:00,926.0,value,rack1_water
2023-07-22 14:30:00+00:00,683.0,value,rack1_water
2023-07-22 15:00:00+00:00,752.0,value,rack1_water
2023-07-22 15:30:00+00:00,919.0,value,rack1_water
2023-07-22 16:00:00+00:00,784.0,value,rack1_water
2023-07-22 16:30:00+00:00,877.0,value,rack1_water
2023-07-22 17:00:00+00:00,816.0,value,rack1_water
2023-07-22 17:30:00+00:00,880.0,value,rack1_water
2023-07-22 18:00:00+00:00,848.0,value,rack1_water
2023-07-22 18:30:00+00:00,866.0,value,rack1_water
2023-07-22 19:00:00+00:00,986.0,value,rack1_water
2023-07-22 19:30:00+00:00,880.0,value,rack1_water
2023-07-22 20:00:00+00:00,844.0,value,rack1_water
2023-07-22 20:30:00+00:00,951.0,value,rack1_water
2023-07-22 21:00:00+00:00,768.0,value,rack1_water
2023-07-22 21:30:00+00:00,782.0,value,rack1_water
2023-07-22 22:00:00+00:00,833.0,value,rack1_water
2023-07-22 22:30:00+00:00,678.0,value,rack1_water
2023-07-22 23:00:00+00:00,795.0,value,rack1_water
2023-07-22 23:30:00+00:00,1173.0,value,rack1_water
2023-07-23 00:00:00+00:00,883.0,value,rack1_water
2023-07-23 00:30:00+00:00,789.0,value,rack1_water
2023-07-23 01:00:00+00:00,770.0,value,rack1_water
2023-07-23 01:30:00+00:00,918.0,value,rack1_water
2023-07-23 02:00:00+00:00,910.0,value,rack1_water
2023-07-23 02:30:00+00:00,867.0,value,rack1_water
2023-07-23 03:00:00+00:00,821.0,value,rack1_water
2023-07-23 03:30:00+00:00,960.0,value,rack1_water
2023-07-23 04:00:00+00:00,926.0,value,rack1_water
2023-07-23 04:30:00+00:00,800.0,value,rack1_water
2023-07-23 05:00:00+00:00,866.0,value,rack1_water
2023-07-23 05:30:00+00:00,848.0,value,rack1_water
2023-07-23 06:00:00+00:00,982.0,value,rack1_water
2023-07-23 06:30:00+00:00,718.0,value,rack1_water
2023-07-23 07:00:00+00:00,612.0,value,rack1_water
2023-07-23 07:30:00+00:00,752.0,value,rack1_water
2023-07-23 08:00:00+00:00,828.0,value,rack1_water
2023-07-23 08:30:00+00:00,813.0,value,rack1_water
2023-07-23 09:00:00+00:00,768.0,value,rack1_water
2023-07-23 09:30:00+00:00,875.0,value,rack1_water
2023-07-23 10:00:00+00:00,816.0,value,rack1_water
2023-07-23 10:30:00+00:00,551.0,value,rack1_water
2023-07-23 11:00:00+00:00,628.0,value,rack1_water
2023-07-23 11:30:00+00:00,830.0,value,rack1_water
2023-07-23 12:00:00+00:00,801.0,value,rack1_water
2023-07-23 12:30:00+00:00,887.0,value,rack1_water
2023-07-23 13:00:00+00:00,798.0,value,rack1_water
2023-07-23 13:30:00+00:00,861.0,value,rack1_water
2023-07-23 14:00:00+00:00,832.0,value,rack1_water
2023-07-23 14:30:00+00:00,933.0,value,rack1_water
2023-07-23 15:00:00+00:00,845.0,value,rack1_water
2023-07-23 15:30:00+00:00,819.0,value,rack1_water
2023-07-23 16:00:00+00:00,913.0,value,rack1_water
2023-07-23 16:30:00+00:00,840.0,value,rack1_water
2023-07-23 17:00:00+00:00,813.0,value,rack1_water
2023-07-23 17:30:00+00:00,1039.0,value,rack1_water
